source,edge,label
478,152,4
476,211,4
477,957,4
477,789,4
477,1617,4
476,81,4
477,222,4
1028,1518,4
1028,1863,4
1032,793,4
0,2073,5
1,1149,5
1,888,1
0,9,1
1,347,1
1030,1940,2
1030,37,2
1031,378,2
1032,2018,2
1032,851,0
1032,296,0
1031,1178,0
1032,39,3
1032,661,3
1897,1210,0
1898,166,0
1897,2082,0
1897,1422,0
1898,611,0
2,199,0
143,832,3
141,336,3
148,1320,3
2,1256,4
4,1362,4
4,634,4
596,883,4
597,802,4
596,1799,4
598,642,4
6,1356,2
6,512,0
5,1349,0
6,2085,5
7,1973,5
6,424,5
8,886,1
9,989,1
7,60,1
10,928,1
9,386,1
8,1871,1
10,1528,5
1504,2048,5
144,720,3
144,1414,3
145,648,3
144,1034,3
1037,43,1
1034,1072,1
1035,773,1
1035,1683,1
1035,983,1
1036,1870,1
15,1590,1
8,424,1
1539,1262,4
1539,227,4
1537,790,4
13,342,0
11,991,0
1036,55,4
1038,1460,0
1038,1142,0
1037,1931,0
1037,1241,0
149,547,0
151,1959,0
149,1802,0
146,566,0
148,1797,0
146,300,0
13,323,4
10,542,4
1365,798,3
1365,998,3
1362,855,3
1364,1933,3
1365,902,3
1364,1378,3
1040,471,3
1040,264,2
1041,128,2
1040,997,2
1038,668,2
1041,1355,2
1042,983,2
14,1843,0
14,1416,4
11,960,4
15,700,4
1041,314,0
1042,301,0
1041,1125,0
1040,120,0
1041,883,0
1041,1941,0
1042,341,0
1042,987,0
1042,1098,0
1043,1128,0
1042,722,3
1042,786,3
1042,1032,3
1044,151,3
1678,1374,5
15,560,4
19,356,4
15,1070,4
16,1348,4
15,1414,4
17,1615,4
13,1784,4
15,704,4
13,353,4
15,870,4
1047,859,0
1047,1966,0
13,1622,4
17,397,4
16,1598,4
20,563,4
16,724,5
16,1106,5
17,1820,5
19,110,5
17,1456,5
1051,369,5
1049,1965,5
1047,972,5
1048,1963,5
20,1783,4
1051,724,1
21,1009,1
21,1714,1
19,410,1
22,99,3
21,994,3
22,2040,3
22,870,3
22,927,3
1052,211,0
1051,1463,0
1054,341,0
1054,1097,0
22,505,0
22,255,0
22,1448,0
22,584,0
24,1997,0
22,1099,0
22,1796,0
22,1646,0
22,1101,0
24,1478,0
23,706,0
22,1003,0
22,1756,0
22,1603,0
658,511,0
1840,1039,4
24,492,3
23,1332,3
24,993,3
24,1920,3
20,969,3
24,978,3
23,371,3
1056,1875,5
1055,1493,5
25,1170,2
23,1247,2
28,948,2
28,910,4
25,2098,4
1055,1382,0
1053,67,0
1056,1479,0
23,1840,5
27,966,5
29,1839,4
1058,787,3
1056,2048,3
1056,45,3
1053,1056,3
1056,1257,3
1056,624,3
1056,391,3
1056,1056,3
1056,2043,3
1056,1868,3
1055,1481,1
1058,1092,1
28,1391,0
30,1696,0
29,451,0
29,1504,0
29,111,0
32,1402,0
32,1197,4
31,1516,4
32,210,4
32,772,4
30,800,4
33,1623,4
32,2061,4
33,48,5
32,1545,5
406,1189,0
406,1981,0
406,498,0
406,1877,0
407,1070,0
1757,450,1
1050,650,1
1060,1299,1
1061,910,0
1061,292,0
1061,2006,0
1062,892,0
1061,755,0
1063,767,0
1391,1695,0
1390,1505,0
1393,120,0
1391,536,0
1390,731,0
1391,1468,0
1391,327,0
1390,260,0
1063,861,5
1064,1979,5
1063,1064,5
1066,1241,5
1061,866,5
33,1624,1
1065,916,2
1032,317,3
1035,1737,3
1032,650,3
1067,337,1
857,1779,0
35,1102,0
36,345,0
34,719,0
38,1131,2
37,1502,2
37,2014,2
36,505,2
1068,98,1
1067,695,1
1067,1399,1
1069,1687,1
1068,1872,1
34,341,0
38,1687,0
37,1381,0
38,1209,0
38,365,0
36,228,0
36,1178,0
37,1455,1
40,1420,1
39,1499,1
39,465,1
38,944,1
41,1097,0
39,585,0
39,987,0
40,1761,0
41,1844,0
1069,43,4
1072,299,4
1071,197,4
1074,2015,4
1073,1798,4
1073,1782,4
1075,1575,4
40,1109,1
41,686,1
2030,380,1
2031,488,1
2029,1911,1
2030,737,1
1571,1247,5
1571,1636,5
1571,1625,5
1571,746,5
1571,1792,5
1070,431,0
1077,220,0
1072,478,0
1073,326,0
1076,2029,0
1074,878,0
1073,627,0
1074,220,0
1075,935,0
1073,158,0
1072,1209,0
857,2017,0
1075,1959,0
1074,1134,0
43,571,5
41,1776,5
1077,1942,4
1075,1889,4
1075,717,4
42,954,4
43,810,4
42,1709,3
44,372,3
42,1120,3
1079,673,1
1078,626,1
1079,1278,1
1078,68,1
1083,650,1
48,1445,3
46,394,3
45,572,3
1081,2041,5
1080,728,5
1080,1155,1
49,1980,4
49,1956,4
1083,896,3
1083,1465,3
45,1070,0
48,1624,0
44,1189,0
46,428,0
1084,375,3
1205,52,0
1208,1810,0
1203,363,0
51,1360,0
52,595,3
53,855,3
52,2056,3
53,1207,3
1086,1435,1
1083,1437,1
1087,777,5
1088,1901,5
1088,2002,5
1090,2017,5
1760,1762,3
1763,1096,3
1091,279,3
155,1922,4
156,614,4
155,722,4
155,996,4
157,1354,4
154,656,4
151,1519,4
155,1613,4
155,1099,4
157,150,4
154,473,4
155,1554,4
1094,1091,3
1091,1261,3
1090,277,3
1092,1043,3
863,974,5
1576,1263,0
1575,795,0
1997,1603,0
1996,505,0
1996,256,0
1998,1451,0
1995,585,0
1996,1097,0
1997,1796,0
1997,707,0
1999,1100,0
1997,249,0
1996,1477,0
1996,1846,0
1995,1753,0
1996,1004,0
1762,2085,1
1766,35,1
1093,1528,0
1094,1716,4
990,529,1
1096,231,5
1098,1526,5
1094,761,5
1098,1789,5
1097,1677,0
1096,969,0
1097,886,0
1097,1389,0
1097,248,0
1097,259,0
1094,1807,0
1097,1691,0
1098,157,0
1096,1955,0
1098,745,0
1096,2020,0
1098,506,0
1097,567,0
1097,1603,0
1097,1450,0
1097,1529,0
1097,1183,0
1098,345,0
1097,1477,0
1096,1561,0
1097,1756,0
1097,74,0
1098,1002,0
1578,233,0
1578,1903,0
1757,1621,3
1756,871,3
1393,336,5
1393,1166,5
1100,1746,4
1099,408,4
1098,465,4
1099,617,4
1098,674,4
1097,1200,4
1101,1877,4
1099,811,4
1097,90,4
1099,1507,4
54,769,4
53,83,4
1101,506,0
1100,1603,0
1099,1846,0
1099,1451,0
1101,343,0
1101,1317,0
1102,251,0
1099,2010,0
1104,1477,0
1103,964,0
1098,1757,0
1208,933,5
56,1145,0
53,534,0
54,1779,0
55,611,0
53,1883,0
55,814,0
1104,305,0
1102,343,0
1102,585,0
1100,1796,0
1101,1180,0
57,1403,1
57,1971,1
1768,983,2
1768,1241,2
1765,493,2
1102,305,0
1102,340,0
1104,713,0
1099,97,0
1104,877,0
1104,516,0
1107,667,5
1105,390,5
1104,363,5
1105,1085,5
1106,947,5
58,1492,3
58,532,2
1104,1250,0
1102,844,0
1105,1738,0
1109,646,1
1107,1512,1
1107,903,1
1108,34,1
60,1784,4
160,2046,0
159,114,0
159,1663,0
160,1668,0
157,510,0
159,1776,0
161,725,0
161,1979,0
160,726,0
158,1855,0
160,1750,0
60,1773,5
59,1963,5
59,1608,5
59,279,5
1106,1238,0
1108,945,0
1211,528,0
61,446,0
1112,1532,2
325,1546,4
322,118,4
61,1652,1
1110,1906,0
1112,1721,0
62,570,0
65,493,0
1213,459,3
1217,2012,3
1212,1384,3
1214,1638,3
1212,336,3
1212,545,3
65,2057,4
63,394,4
60,297,4
63,1691,4
62,499,4
65,1954,4
64,601,0
64,411,0
66,861,1
66,2014,1
64,236,1
326,1267,0
66,670,1
67,21,1
66,646,1
67,420,1
67,34,1
67,817,1
67,625,1
67,2000,1
65,527,1
67,1235,1
67,378,1
1115,1297,1
1115,1920,1
1536,739,2
1536,1363,2
2087,1423,0
1117,919,1
1115,584,1
1713,1271,3
1116,1048,4
1117,1272,4
1115,380,4
1115,1638,4
1115,1399,4
68,2055,0
69,654,0
71,2099,3
68,1832,3
71,1662,4
74,284,4
68,1008,4
1117,1443,0
1117,387,0
1119,1788,0
1119,1325,3
1120,382,1
1120,453,1
1121,1429,3
74,276,0
72,343,0
73,1267,0
1695,649,4
1697,85,4
75,344,0
1781,378,1
1126,1270,2
1402,1511,5
1401,1795,5
1124,461,5
1125,1641,2
1125,353,2
1125,258,2
1033,1008,4
76,655,1
71,750,1
77,372,1
74,1632,1
1128,1857,0
677,941,0
676,941,0
680,276,0
674,320,0
678,1650,0
676,343,0
676,796,0
676,1133,0
1131,1972,5
1618,1735,5
1618,647,5
77,799,4
77,773,4
1133,1416,3
1130,172,3
1132,626,1
1132,274,1
1129,1726,1
1129,1573,1
1130,1109,1
1130,326,1
1130,803,1
1129,638,1
80,1425,0
78,462,0
78,984,0
78,803,4
81,1783,4
77,1958,2
82,342,0
81,1314,0
81,193,4
82,219,4
82,1813,3
82,1617,3
81,318,3
82,1731,3
80,447,4
82,193,4
1135,1407,4
1136,1656,4
80,1799,4
84,1784,4
1136,1751,1
1137,943,1
1137,848,1
85,1757,0
1415,800,3
1403,501,5
1407,1161,5
86,363,4
87,284,4
87,2055,4
85,1956,4
88,713,4
88,1331,4
1138,2087,1
1139,378,1
1141,36,1
89,123,0
87,519,0
89,1448,0
89,853,0
1581,2059,4
1581,212,4
1772,838,0
1775,247,0
1775,156,0
1774,686,0
1774,342,0
1773,1475,0
1775,1429,0
873,2038,2
90,956,0
89,1461,0
1139,539,3
1137,1075,3
1141,1932,3
1139,126,3
91,251,4
90,1281,4
92,153,4
91,1453,4
93,1713,2
95,934,2
93,1962,5
95,430,4
95,1322,4
94,1235,4
93,260,4
1143,1438,0
1142,1923,0
1143,1402,0
1139,731,0
96,533,5
97,1618,0
98,1187,0
97,450,0
96,663,0
95,1111,0
98,388,0
97,1605,0
97,539,0
1768,392,3
1767,1059,3
1767,2040,3
1144,100,1
1145,420,1
1143,1635,1
1145,1726,1
1768,231,3
1769,1430,3
1769,1932,3
1768,1980,3
1146,490,0
1145,460,0
1146,719,0
1146,742,0
1145,366,0
1148,1960,0
97,857,3
97,1004,3
97,2040,3
1045,1503,0
1042,941,0
1863,2086,5
1864,214,5
98,881,4
100,1519,4
96,207,4
1149,523,5
1145,312,5
1146,1638,5
498,2054,0
498,1444,0
495,635,0
498,662,0
499,1553,0
498,114,0
498,958,0
497,1192,0
499,1715,0
498,981,0
498,121,0
1144,397,0
1149,152,4
1149,718,4
1149,1742,4
1150,1924,4
1148,1496,4
100,825,1
100,35,1
101,1835,1
99,19,1
104,817,4
101,1356,4
103,820,3
1148,680,0
1150,432,0
1584,1663,5
1081,1194,0
1078,276,0
1084,1385,0
1081,848,0
1084,342,0
1084,1134,0
1957,206,1
1957,920,1
1957,1499,1
1149,1492,4
1152,259,4
104,651,1
104,422,1
1178,1666,4
1183,2100,4
102,106,0
105,282,0
105,343,0
107,1186,0
108,985,0
1153,1784,4
106,740,4
109,182,4
108,802,4
1153,172,1
163,240,3
167,1594,3
164,2036,3
111,160,0
109,1591,0
106,915,0
111,198,0
113,1769,0
111,140,0
111,1221,0
111,853,0
111,1209,0
110,720,0
111,1023,0
1160,468,0
1163,1980,3
1159,632,3
1158,1956,3
1160,831,3
113,116,0
110,911,0
113,1948,0
114,273,0
112,938,0
115,1653,0
113,400,0
112,1463,0
115,610,0
112,452,0
114,1524,5
115,1093,5
113,666,5
114,1114,5
113,1741,5
113,387,5
115,1603,5
114,1390,5
113,1347,0
113,221,0
116,1505,0
115,2038,0
112,482,0
116,325,0
115,588,3
116,468,3
877,1071,0
878,1740,0
876,1091,0
877,521,0
877,103,0
878,151,0
877,1315,0
874,365,0
879,1902,0
878,406,0
878,1567,0
877,2052,0
878,1945,0
877,923,0
878,1191,0
877,1789,0
876,635,0
879,281,0
878,1470,0
878,1388,0
879,1352,0
877,574,0
877,537,0
876,511,0
880,752,0
877,380,0
875,400,0
1161,1984,5
117,343,0
119,2083,0
117,1025,0
119,916,0
119,1837,4
1222,294,5
1163,1371,1
1162,657,1
1160,243,5
1164,1300,5
1166,136,5
1163,1501,5
1162,1428,5
1165,522,5
1164,435,5
1165,1578,5
1164,2089,5
1163,1666,5
1164,1011,5
1047,1928,3
1047,689,3
1047,1641,3
1049,275,3
1047,1215,3
1165,1353,1
1166,681,5
1166,434,5
1166,1866,5
118,1510,5
120,751,5
119,385,5
122,458,1
1171,1698,0
1169,469,0
1169,1564,1
122,162,0
123,857,0
123,1209,0
124,1771,0
122,1193,0
123,416,4
123,1367,4
124,139,3
124,851,3
126,1527,2
126,813,2
127,1373,1
1170,1782,2
1171,652,2
1173,1491,3
1174,1527,5
128,1075,3
127,362,3
128,604,3
127,1896,3
126,1092,3
126,184,3
126,598,3
127,1900,3
1171,998,1
1174,2072,1
1176,829,3
1176,1950,3
285,1913,4
283,280,4
282,2047,4
285,2060,4
285,735,4
284,1007,4
280,367,4
283,971,4
282,739,4
284,846,4
285,328,4
283,2108,4
285,828,4
284,1450,4
283,1985,4
1178,769,0
1178,709,0
1178,499,0
1176,362,0
1178,418,0
1180,1392,0
1179,1686,0
1179,1744,0
1182,154,0
1178,1436,0
1180,1703,0
1177,991,0
1178,1305,0
1180,762,0
1178,242,0
1178,715,0
1179,1194,0
1178,144,0
1178,1503,0
1178,167,0
1185,247,0
1177,444,0
1179,1757,0
1178,1707,0
131,919,4
130,1015,4
1784,1156,5
134,271,1
131,71,1
1181,245,3
1181,1003,3
1182,1397,3
1179,1025,3
1180,925,3
1179,1193,3
1182,1527,3
1182,659,0
1181,864,0
1185,274,0
1182,583,0
1184,1560,0
1183,343,0
1184,510,0
1186,2034,0
1185,512,0
1185,709,0
1190,394,3
1185,857,3
1749,1500,1
1687,277,0
1688,684,0
1688,1380,0
1684,1003,0
1688,798,0
1687,344,0
1188,541,0
1188,1537,0
1187,448,0
1188,847,0
1796,1596,3
1797,1566,3
1797,986,3
1187,2060,0
1190,552,0
1188,521,0
1188,1878,0
1190,2010,0
1189,199,0
1190,205,0
1190,1355,0
1192,292,0
1190,1545,0
1189,1960,1
1189,659,1
1192,256,1
175,1526,5
1411,1546,3
1412,731,3
1413,597,3
1412,519,3
134,523,5
137,1579,5
136,1528,5
136,1385,5
135,1012,5
1191,1586,0
137,1288,5
138,1241,5
137,178,5
1193,547,5
1193,1700,5
1192,1716,5
1193,522,5
1192,1220,5
1191,1029,5
1192,469,5
1193,378,5
1193,209,5
1190,665,5
1199,1788,5
1193,397,5
137,393,3
138,1267,3
1788,410,4
1789,586,4
334,1351,5
335,1734,5
334,493,5
1587,739,0
1195,648,1
1194,348,1
141,992,0
140,2052,0
141,2042,0
142,1778,0
140,2103,0
142,1509,0
142,2031,0
141,711,0
141,1704,0
142,1891,4
144,105,5
145,849,5
144,1944,5
1193,1508,5
1196,1633,1
1194,714,1
1194,1996,1
1196,1457,1
1195,1134,1
146,1626,3
1197,268,4
1196,1777,4
1197,1911,4
1195,1922,4
1197,169,0
1195,1196,0
147,717,4
149,1239,4
151,1320,4
516,709,3
1197,930,3
692,1785,4
339,1927,3
335,2011,3
338,1381,3
337,892,3
1199,277,0
1199,1233,0
1200,1924,4
2018,445,5
2019,1495,5
1796,882,4
1793,920,4
1202,1205,2
1200,1827,2
153,433,5
150,219,5
148,482,5
149,326,5
149,2032,5
149,626,5
150,219,5
151,935,5
150,159,5
149,1212,5
1590,1304,4
1590,1044,4
1589,1785,4
1591,944,4
151,708,5
146,941,5
151,270,5
153,960,0
151,1667,0
154,168,0
152,1646,0
151,730,0
153,997,4
152,631,4
153,789,4
154,1671,4
152,1615,4
153,196,4
151,785,4
149,1855,4
1209,180,4
1202,983,4
1205,1014,4
151,947,0
1207,924,5
1206,1214,5
157,1741,0
156,277,0
159,838,0
157,1651,0
158,1381,0
155,1889,0
155,978,0
156,343,0
155,481,0
156,1134,0
156,458,0
156,263,0
156,909,0
155,951,0
153,733,0
1210,1711,0
1209,225,0
1211,853,0
1209,1025,0
1210,1809,0
1211,161,0
1209,1423,0
1211,915,0
154,1601,3
156,440,3
156,430,0
158,1212,0
1213,431,0
1211,1928,3
1213,275,3
1216,823,4
1216,1376,4
1214,422,4
1216,774,4
1216,1715,4
1215,534,4
1217,990,4
1222,1552,4
1217,1285,4
1214,1882,4
1217,1069,5
1218,632,5
1220,286,5
1220,536,5
1216,103,5
1217,381,5
1219,1314,5
1219,1974,5
1218,569,5
1217,1350,5
161,1850,5
161,1591,0
161,854,0
520,1416,4
517,959,4
518,718,4
1220,1576,5
1220,1299,5
1218,1981,5
1866,611,0
1866,1915,0
162,441,1
166,1220,5
164,973,5
1224,538,0
1224,1316,0
166,1797,0
168,734,0
887,1237,1
885,764,1
1622,1230,4
1619,813,4
1621,1566,4
1624,731,4
1622,1427,4
1624,1262,4
1623,1141,4
766,404,4
766,1977,4
764,1269,4
171,1643,4
170,1727,4
170,1334,4
171,1951,0
171,928,0
173,322,0
1226,881,5
1225,899,5
172,505,0
171,255,0
176,968,0
173,1755,0
171,1389,0
173,987,0
172,2017,0
171,1796,0
170,246,0
170,263,0
172,1477,0
172,1006,0
174,462,0
172,1603,0
172,1380,2
172,397,2
1230,1629,3
1227,895,3
1227,2073,3
176,1903,0
175,2027,0
177,2106,0
1796,363,3
1795,1303,3
1796,759,3
1967,477,4
1968,1755,4
1229,345,1
1228,191,1
1226,550,1
1596,1337,0
1595,2050,0
1597,1216,0
1597,856,0
1597,750,0
1597,2007,0
1229,251,5
1227,1266,5
179,2039,0
176,528,0
1797,1746,0
1796,706,0
1797,566,0
1796,1650,0
1797,883,0
1796,1278,0
1797,1450,0
1795,1857,0
1796,1959,0
1797,1649,0
1798,829,0
1796,1805,0
1794,840,0
1797,1622,0
1797,1002,0
1228,211,5
1231,1261,4
1231,276,0
1234,1691,0
1232,1380,0
1229,363,0
1232,1561,0
1231,342,0
1232,296,0
1231,1294,4
1231,1784,4
1234,229,4
1235,1550,4
1969,1471,0
1969,1558,0
1970,503,0
1968,341,0
1234,1947,4
1233,431,4
1235,552,4
1236,1441,4
1235,1271,4
1235,261,4
1241,636,4
1236,1135,4
1235,1624,1
1236,1516,4
1237,563,4
1237,352,4
1234,1628,0
1238,679,0
1242,86,0
1239,486,0
1801,1287,1
1057,1285,5
1060,444,5
1057,1550,5
1058,1353,5
1240,538,0
1240,1319,0
182,1026,5
178,1314,5
181,1437,5
179,259,5
178,817,5
179,562,5
179,1251,5
180,1825,1
1241,1715,4
1800,1113,2
1800,1878,2
1801,1494,2
1802,1458,2
1800,1294,2
182,678,2
182,2063,2
184,1933,2
183,1222,2
181,1735,2
181,1382,2
178,1562,2
182,1276,4
810,1170,3
809,313,3
702,1271,1
186,760,3
183,309,3
184,568,5
186,2045,3
188,276,0
187,635,0
185,1651,0
186,266,0
187,1561,0
185,954,0
187,559,0
1244,1451,4
1244,2051,4
1243,361,3
1243,2069,3
1246,1675,3
1248,158,3
187,741,0
187,628,0
1804,697,5
1247,398,4
1248,1314,0
1246,244,0
1249,1765,3
1249,1292,3
1249,1760,3
189,417,4
189,1366,4
187,1252,0
189,912,0
189,845,0
189,521,0
188,1739,0
189,664,0
188,508,0
189,769,0
188,609,0
190,2043,0
1249,406,4
1248,1994,4
1249,2101,4
188,395,4
189,1389,4
191,1655,4
1252,1636,5
1251,1540,5
1973,838,5
1973,425,5
1975,1432,5
1971,470,5
1972,1597,5
1946,342,0
195,211,4
193,957,4
184,792,4
192,1612,4
193,516,4
195,220,4
1252,1445,0
194,2097,0
193,1254,0
1250,1784,4
1254,584,4
196,854,5
1255,560,5
1984,972,4
1984,1735,4
708,546,1
706,813,1
198,406,3
195,1939,3
1970,270,1
1973,1455,1
1971,956,1
1972,242,1
198,265,0
199,917,0
199,1026,0
196,1070,0
1258,1440,1
1258,894,1
1806,50,0
1806,306,0
1804,613,0
1805,1389,0
1802,849,0
1803,757,0
1803,1957,0
1256,572,3
198,1737,2
200,319,2
199,928,2
1242,1241,5
1262,1323,3
1264,607,3
198,619,5
202,485,5
362,1093,0
361,903,0
359,1379,0
363,352,0
362,768,0
363,1721,0
362,728,0
362,1983,0
361,897,0
363,1354,0
362,341,0
1265,889,0
1265,275,5
1266,2007,5
181,1487,4
1270,1642,2
1270,1678,2
1271,861,1
1271,2002,1
1271,209,1
1275,1052,1
1271,892,1
1273,1566,1
1278,661,0
1273,2052,0
1273,756,0
1977,1694,5
1975,291,5
1976,1855,5
202,1775,5
1277,2101,1
1274,1762,1
1275,1312,4
1276,668,4
1277,372,4
202,1643,4
202,753,4
1279,1889,4
1277,2024,4
1278,1923,4
1279,612,0
1280,1881,0
202,334,4
204,203,4
207,586,4
1283,1360,3
1283,670,3
205,2011,4
204,617,4
205,2108,1
208,934,2
207,1070,2
207,881,4
211,2099,4
207,674,4
207,1548,4
207,1957,4
208,1781,4
207,597,4
208,931,4
208,1799,4
209,1619,4
206,2094,4
205,743,4
210,1952,4
207,1489,4
1286,2044,3
1285,2072,5
1288,604,5
1285,531,5
1285,386,5
1285,555,5
1289,2044,3
1284,318,3
1287,370,3
1287,1759,0
203,1432,2
208,462,2
1289,743,1
210,957,4
214,1812,4
1612,2058,2
1613,214,2
212,1891,4
213,742,4
1288,560,3
213,1625,4
1048,1638,4
1050,1862,4
1428,538,0
1427,2049,0
214,919,4
898,2068,5
898,1114,5
901,605,5
899,1663,5
1289,509,0
1292,1732,0
211,1550,3
216,1648,3
218,2085,4
1295,1784,4
1294,1204,2
1296,341,2
1294,1970,2
1296,672,1
1294,518,1
1296,241,5
1298,2088,5
1297,1503,5
1296,526,5
1297,1526,5
1297,1581,5
1296,1667,5
1297,2056,4
1301,1974,4
346,536,0
218,2028,0
219,1517,4
1301,880,1
1301,688,1
1525,1322,3
1526,1974,3
1525,1357,3
1897,1641,3
1897,276,3
221,481,0
220,1368,0
222,1678,0
221,1692,0
1809,1837,4
1303,231,3
1308,1154,3
1304,1963,3
1304,759,3
1302,308,3
1302,1463,3
221,2070,3
38,684,1
35,2000,1
35,2088,1
34,286,1
222,910,1
223,271,1
1306,1046,4
1301,475,4
1307,947,4
1306,1881,4
226,1884,1
1308,2105,1
226,1517,4
226,717,4
1067,1385,3
1067,1927,3
1069,2012,3
1065,276,3
227,1076,3
227,1951,3
228,489,3
228,1981,3
1310,930,3
1309,585,3
1309,1929,3
1309,1996,3
1310,648,3
1309,646,3
612,2075,3
1659,1653,1
1657,1620,1
1657,1552,1
1658,1920,1
1659,939,1
228,789,4
1811,283,5
1808,967,5
231,370,1
2027,607,3
1311,1928,4
1312,1130,4
1432,839,2
1431,1598,2
1432,1422,2
1311,508,3
234,1933,3
234,760,3
234,739,5
230,1350,0
234,1899,0
1315,2050,3
1314,392,3
1316,991,0
1316,1094,0
2037,416,0
2039,1696,0
2038,1846,0
1317,539,3
1316,634,3
1319,483,0
239,1918,2
235,337,4
238,1406,4
1320,515,3
1321,1732,3
1321,864,3
1320,1691,3
1243,1816,5
238,2088,5
242,1432,5
242,1578,5
244,1666,5
1323,430,4
1323,1488,4
1322,1489,4
1322,1341,4
1322,555,4
243,839,0
241,342,0
244,1650,0
242,1943,0
242,976,0
242,629,0
241,952,0
237,480,0
1607,927,4
1325,947,3
1325,253,3
2103,859,3
2105,1006,3
246,1834,0
246,711,0
245,1421,0
245,573,0
245,403,0
247,799,0
248,1378,0
249,631,0
248,343,0
246,1135,0
1327,1462,0
248,1449,0
249,2009,0
252,848,0
252,342,0
245,1847,0
250,1220,5
247,514,5
1067,522,5
1070,549,5
1069,2058,5
1070,1360,5
1070,2010,5
1070,1546,5
252,778,4
253,1519,4
1328,793,0
1329,1394,0
1331,651,4
1070,328,0
1070,1848,0
1070,469,0
1069,772,0
1332,978,0
1334,1664,0
1335,726,0
1333,1643,4
1336,1730,4
255,1993,5
254,1525,5
1334,1782,4
1334,257,4
1336,725,1
1338,1768,1
259,277,0
667,2105,1
665,1631,1
1722,963,3
1723,1724,3
262,1026,0
261,917,0
1337,1650,1
264,357,0
263,1612,0
264,1697,0
265,787,0
265,904,0
264,1142,0
266,618,0
264,1362,0
265,1672,0
264,462,0
1339,1448,0
1340,635,0
1341,752,0
1340,552,1
266,351,4
265,2071,4
264,804,4
266,2073,5
1343,794,4
1346,1484,4
1342,1123,4
1344,1351,5
269,915,0
273,342,0
269,1026,0
1345,883,1
1349,632,5
1347,2064,5
1343,1752,5
272,883,1
270,1435,1
188,947,0
192,529,0
1318,256,0
1316,987,0
1317,1847,0
273,615,1
272,1372,1
272,1259,1
1505,1203,5
1507,473,5
273,793,0
274,1948,0
1347,749,4
1345,259,4
1349,1833,4
1350,493,5
1353,545,0
1350,634,0
1350,2051,0
1350,1904,0
1347,752,0
1351,514,5
1351,1550,5
1349,886,5
1351,725,5
1351,733,5
1353,341,5
1986,792,0
276,399,0
276,884,0
277,1381,0
276,938,0
275,414,0
278,563,0
276,1633,0
276,295,0
277,1600,0
277,1306,0
276,1650,0
274,840,0
275,830,0
280,1177,0
277,977,0
277,1996,0
279,318,0
277,1389,0
276,1134,0
275,840,0
279,1898,0
276,536,0
277,656,0
278,1457,0
276,1426,0
1350,437,1
1333,1617,4
1333,580,4
1354,1808,3
1357,1925,4
1356,554,4
1359,916,4
1356,257,4
1358,668,2
2049,243,0
2044,341,0
276,1409,0
281,551,0
278,1684,0
276,1952,1
1932,748,5
898,1673,3
283,1385,3
282,350,3
283,1817,5
287,294,5
284,1355,1
279,741,1
1360,1089,4
1359,1921,4
1077,538,3
1076,236,3
286,757,5
284,1447,5
288,523,5
287,647,5
286,1839,5
285,589,5
286,922,5
286,385,5
287,967,5
356,343,0
354,350,0
288,549,4
289,2075,4
288,1518,4
288,1338,1
290,1636,5
290,722,1
290,2048,1
1822,1619,4
1822,960,4
1077,608,3
1361,1692,3
292,2009,0
295,1135,0
292,1380,0
292,342,0
1362,1445,3
1364,394,3
294,1690,3
297,392,3
298,1974,3
1363,1913,1
298,1382,1
298,1263,1
1107,615,1
1109,817,1
1108,1719,1
1108,1154,1
303,584,5
299,884,5
300,615,0
301,305,0
302,341,0
298,755,0
300,652,3
1988,926,5
1989,2031,5
1990,2082,5
1989,1927,5
1992,1028,5
302,1452,5
194,551,2
303,774,4
305,929,4
303,2016,4
1370,1370,1
304,651,1
356,359,1
359,2058,1
359,657,1
307,341,0
306,883,0
307,1889,0
306,1865,0
305,1391,0
305,2017,0
306,1959,0
307,1744,0
303,968,0
304,568,0
305,449,0
305,841,0
306,612,0
305,1529,0
306,344,0
305,1858,0
1255,1785,4
1254,612,4
1256,1811,4
695,1399,1
1374,1511,5
1621,734,0
1621,342,0
1622,1673,0
1371,943,4
305,1640,3
1375,1784,4
308,880,4
309,1418,4
306,258,4
308,523,5
310,1636,5
308,448,5
309,1599,5
1378,797,3
1376,632,3
1375,840,3
311,742,3
309,252,3
309,1926,3
49,1808,0
49,635,0
49,496,0
46,1474,0
47,849,0
47,345,0
48,1904,0
50,1692,0
1380,706,0
1379,725,0
1380,967,0
1381,1997,0
1379,687,0
1379,1392,0
1381,1632,0
1380,1881,0
1382,563,0
1380,1306,0
1382,1559,0
1381,1457,0
1380,1651,0
1378,836,0
1380,1390,0
1380,1135,0
1380,480,0
1378,1428,0
1378,2091,0
1381,718,0
1380,1512,0
1380,658,0
1381,841,0
1380,952,0
1379,1896,0
311,1876,4
315,886,4
1382,1478,0
1382,64,0
1380,1779,0
1383,1881,0
1384,1891,0
1383,1670,0
1382,889,0
1859,134,0
314,1646,2
310,675,0
318,342,0
314,516,3
316,486,3
1254,343,0
316,601,3
317,108,3
315,1328,3
317,723,3
315,1737,3
197,1741,4
198,773,4
1386,1010,5
49,755,4
53,1785,4
1386,1020,4
1385,1360,4
1382,715,4
1388,761,4
548,1815,3
1388,726,5
1387,952,5
315,1618,3
318,648,3
318,579,3
319,1931,3
319,1994,3
1385,2071,5
320,1004,0
320,1874,0
1392,343,0
1391,1778,0
1388,583,0
1389,988,0
1388,1957,0
1390,1808,0
1390,1687,0
1390,1600,0
1391,1942,0
1390,725,0
1389,849,0
1388,1305,0
1393,1745,0
1390,1450,0
1390,1671,0
1389,1691,0
1390,1529,0
1390,2012,0
672,851,5
1085,1842,0
1530,398,1
322,1356,1
324,1565,1
1393,1652,4
239,1313,0
1675,1557,5
1676,514,5
1085,957,4
1394,1707,3
324,583,0
322,451,0
323,1470,0
323,1678,0
324,1700,0
325,615,1
325,1574,1
1398,1888,5
327,1697,0
1398,130,4
1398,923,4
1397,1798,4
1397,1738,4
1396,1578,4
848,1635,0
847,1995,0
848,509,0
1445,1443,3
1444,1005,3
1446,1828,3
1445,396,3
1398,103,1
1398,1456,1
1397,1134,4
1132,841,0
1133,343,0
1137,1651,0
1134,1996,0
1134,1704,0
1134,838,0
1134,1632,0
1134,1707,0
1134,1459,0
1133,1175,0
328,881,4
327,1662,4
328,616,4
329,1007,4
326,715,4
1403,1918,1
1400,1765,3
1404,800,4
1404,1278,4
1403,772,4
1405,2061,4
1089,1549,1
1087,1613,1
1089,931,1
1089,1019,1
1089,954,1
1088,1604,1
331,399,4
327,1090,4
328,831,4
329,1547,4
329,1848,4
327,1561,4
329,418,4
330,1327,4
329,521,1
1406,347,0
1407,1888,1
1257,860,4
921,973,3
922,1849,3
921,439,3
921,1699,3
330,708,5
330,458,5
1408,133,4
1407,1891,4
333,462,4
1410,1691,3
1220,1627,5
1222,619,5
1221,226,5
1219,2010,5
1445,510,0
1446,1977,0
1447,725,0
1410,1203,5
1415,1749,5
1356,1948,4
1354,1438,4
366,1470,3
363,1131,3
365,1939,3
336,804,3
333,1606,3
335,1732,3
1413,751,4
1414,426,4
336,1488,4
334,261,4
1418,1941,4
1417,960,4
338,1343,3
339,1664,3
1845,2042,0
1845,2077,0
1845,1554,0
338,552,5
1304,1677,1
339,743,0
339,1707,0
336,1562,0
1091,362,3
1422,1653,4
1420,938,4
1419,993,5
1417,879,5
1419,1585,1
343,533,1
339,1642,4
342,2080,4
343,1967,4
343,972,0
343,103,0
343,419,0
342,1701,0
342,1631,0
343,1707,0
342,1306,0
342,762,0
343,832,0
342,838,0
342,698,0
344,628,0
338,841,0
342,1996,0
342,1997,0
342,1944,0
343,1598,0
341,1516,0
345,374,0
343,991,0
343,1651,0
343,1176,0
340,442,0
343,1527,0
345,251,0
343,1003,0
342,1005,0
343,766,0
342,935,0
344,2018,0
343,449,0
342,527,0
341,942,0
342,1745,0
342,1602,0
342,1474,0
343,1959,0
342,882,0
341,2095,0
342,537,0
342,797,0
342,1897,0
343,1756,0
342,399,0
344,883,0
344,720,0
343,887,0
342,741,0
343,1907,0
342,746,0
342,1392,0
343,1882,0
343,1427,0
343,816,0
343,345,0
342,613,0
1423,1267,4
1421,497,4
345,553,1
1422,926,0
1626,2043,3
1424,855,0
1426,420,0
347,1003,3
348,2041,3
346,817,3
430,259,4
432,1011,4
1426,1890,0
1429,975,0
1428,687,0
1430,951,0
1428,562,0
348,648,1
351,914,1
344,543,1
351,556,5
349,1966,5
1429,1930,3
1430,2089,5
1431,1528,5
1433,525,5
1433,1577,5
1433,1667,5
1433,687,1
352,1843,5
350,1637,5
351,256,5
351,605,5
354,1923,4
352,1517,4
1436,1988,4
1441,717,4
1436,1922,4
1421,584,0
1425,461,0
1423,1450,0
255,1603,0
256,1449,0
254,2009,0
256,1858,0
255,1003,0
1092,993,5
1095,1740,5
1094,382,5
1093,751,5
1266,883,4
1267,257,4
1996,723,1
1443,1480,1
360,605,3
1448,1005,3
1445,596,3
1449,2040,3
1448,816,3
356,1980,3
357,357,3
357,690,3
358,292,3
360,881,4
364,1735,4
358,885,4
360,891,4
1222,929,2
1444,1920,4
1442,465,4
344,2051,3
344,1604,3
1444,1818,3
360,2109,5
360,1919,5
2007,1155,4
2002,1900,4
2002,776,4
2002,966,4
2003,2017,4
1444,757,5
1447,847,5
1446,1737,5
1443,968,5
363,1700,3
364,440,3
364,760,3
239,544,1
366,733,4
367,713,4
561,884,4
562,2101,4
369,701,5
369,811,0
371,1689,1
369,1633,1
1452,394,4
1449,712,4
377,1677,0
374,491,0
373,937,0
377,1550,4
1273,1602,3
376,1938,3
377,1135,3
376,1779,3
1452,1607,0
1450,504,0
1450,1644,0
1452,707,0
1448,1479,0
1451,964,0
1450,1758,0
1451,1002,0
1452,2052,4
377,461,5
379,374,5
380,2000,1
1151,804,3
380,767,0
382,529,4
1102,648,3
1102,930,3
1099,581,3
1098,1930,3
1460,1930,2
385,1134,4
384,663,1
384,1828,1
1461,958,4
1460,1494,4
1460,1141,4
1278,1899,2
1453,1474,5
1456,1521,5
1453,1526,5
1453,1789,5
387,2047,0
388,1115,0
386,981,0
388,1837,2
391,725,0
391,1843,0
389,945,0
395,500,3
392,1631,3
389,1059,3
391,941,3
393,572,3
1463,1821,5
1463,624,4
1463,956,4
1463,893,3
1464,276,3
394,1802,3
393,855,3
393,1970,3
1467,522,2
395,1691,3
396,494,3
394,1973,3
394,1010,3
1467,784,2
1468,1923,2
1472,1818,0
1473,428,2
558,1934,1
395,1762,3
395,1005,3
395,1832,3
392,853,3
394,2040,3
1753,1523,5
1753,503,5
1759,1843,5
564,712,4
1672,615,2
1478,1522,5
1474,758,5
1475,1788,5
1474,1982,5
397,2098,4
1470,1557,0
1474,503,0
1635,422,4
1637,666,4
1281,968,0
1476,592,3
1478,596,3
1480,2009,0
1476,612,0
1478,698,0
1477,1846,0
398,1588,4
399,1870,4
398,2065,4
398,1917,4
397,422,4
398,618,4
396,547,4
1281,256,4
1284,2063,4
1280,774,4
1283,943,4
1482,858,1
396,831,0
399,916,0
397,416,0
398,1327,0
398,1024,0
1456,2026,1
1456,1783,1
1481,1704,1
1482,540,1
1482,1664,5
1481,1001,0
401,522,1
1484,984,0
1485,2045,0
1485,501,5
1485,794,5
404,950,0
403,458,0
402,704,0
165,453,1
1487,1385,3
1486,2015,3
1488,882,4
1490,1522,4
1488,1584,4
1489,448,4
1492,446,4
1491,1610,4
1491,1526,4
1491,585,4
662,1760,0
661,934,0
664,599,0
662,734,0
656,2019,0
408,1938,3
739,970,5
739,921,5
1640,1842,5
409,1009,1
411,1720,1
1492,881,4
1490,1999,5
742,641,3
743,1472,3
413,1810,0
412,2017,0
414,467,1
415,1907,5
1329,1373,3
1329,1804,3
1331,108,3
1331,2044,3
416,2057,3
417,733,3
1283,678,4
1284,534,4
1285,1785,4
1283,1880,4
1497,1169,2
1497,1847,2
1497,2037,2
2060,656,1
2058,799,1
418,832,0
418,1945,0
418,1325,0
1203,851,1
1203,1564,1
1498,1569,1
1496,518,1
1498,1382,1
2015,994,4
1499,2100,1
1498,851,1
1501,429,1
1503,1526,5
1499,1181,5
1500,1578,5
419,718,4
419,1025,0
742,880,4
744,1521,4
1859,530,5
1856,1534,5
1692,727,5
1695,723,5
1695,952,5
1503,940,5
422,1517,4
420,2003,4
385,781,2
382,1648,2
385,729,2
384,2035,2
1503,734,0
1503,1697,0
422,1534,5
423,2036,5
1503,2029,3
420,684,1
385,1941,5
426,1643,4
424,752,4
1511,1647,5
1510,623,5
1511,1440,1
1513,1888,4
1513,717,4
1507,1922,4
425,1878,2
1514,915,1
428,271,4
389,485,1
430,1786,2
431,733,0
437,636,3
436,1596,3
435,1561,3
437,1968,3
1518,449,1
1518,732,1
1521,1643,5
1519,1728,5
1520,1367,5
1111,892,4
1110,259,4
436,1526,5
437,1184,5
437,1578,5
439,722,1
1979,1780,5
1978,521,5
1977,1843,5
1978,725,5
1981,981,5
1977,499,5
1524,1778,0
1524,1662,0
1521,725,0
1524,1671,0
439,712,4
1525,1800,4
2098,1603,4
440,808,3
441,1851,3
443,1639,3
441,2041,3
441,727,3
440,1729,3
1641,777,3
443,1336,1
1525,1301,5
1526,2089,5
1526,803,5
1524,871,5
1526,1578,5
1527,1717,5
1525,1931,5
1527,1665,5
1527,465,5
1527,890,5
1530,1678,0
1529,2018,0
1530,531,0
595,1798,4
596,1621,4
600,1957,4
597,1787,4
599,2095,4
442,1000,0
445,680,0
548,2073,4
551,563,4
656,795,1
657,749,1
1302,477,4
1301,1918,4
1304,1754,4
1782,1385,3
1783,2013,3
273,240,3
278,1593,3
278,2036,3
446,444,1
1531,255,3
446,458,5
447,1492,5
449,549,5
449,1537,5
449,448,5
449,523,5
449,1824,5
450,569,5
449,539,5
451,1819,5
1534,532,5
452,1679,0
452,485,0
1534,1662,2
451,1686,1
1537,1823,5
1538,780,5
1539,1785,4
1112,2046,0
1113,1605,0
1111,982,0
1540,539,0
1728,248,1
1728,961,1
453,724,1
1640,650,2
1641,258,2
295,1154,5
1542,1951,4
460,1621,2
1691,1741,0
1692,915,0
1692,504,0
1691,1027,0
1692,1958,0
1542,1572,4
1542,1785,4
940,943,2
1113,1898,2
1114,1969,2
455,868,1
1291,793,5
1545,511,0
457,838,0
455,941,0
1548,1987,4
1549,1833,4
1549,1924,4
1550,1505,4
1547,578,4
1547,1840,4
1548,720,4
1548,2004,4
1549,794,4
481,480,0
485,1640,0
482,840,0
481,1694,0
481,1678,0
461,704,0
1958,1864,0
1959,1013,0
1556,957,4
1550,789,4
1292,1011,1
1291,1702,1
1290,566,1
1467,786,3
1552,547,0
1551,908,0
1551,750,0
1849,787,2
1847,2038,2
2063,1310,2
2063,976,2
463,707,2
1553,1951,4
464,765,0
461,788,0
461,868,0
463,1362,0
1555,1667,2
1553,2077,2
1552,1153,2
1555,1360,2
469,2036,4
512,498,0
512,2101,0
511,2043,0
515,953,0
464,1639,4
466,1555,4
463,1517,4
1553,508,3
1469,2061,0
1471,635,0
1469,1567,0
1470,538,0
468,1861,4
1852,626,5
468,1847,0
468,544,0
469,636,0
469,1697,0
470,2051,0
470,752,0
1857,2051,3
1643,1364,5
1645,1728,5
470,1937,3
467,597,3
472,1589,1
471,650,1
471,1625,1
1559,1687,3
1562,884,0
1561,525,0
1561,562,0
1561,953,0
1152,1889,5
1154,1913,5
1153,1438,5
2022,723,4
2023,580,4
477,1889,5
476,1916,0
1861,1853,4
1563,885,1
1563,517,1
1564,688,1
477,1344,0
481,987,0
479,1737,0
478,1757,0
477,1846,0
479,1600,0
477,1002,0
1563,741,1
480,1001,0
480,1819,0
1473,800,3
1474,1945,3
1471,497,3
1476,1953,3
1566,2037,3
1565,1851,3
1565,985,3
1203,700,4
484,705,0
1298,1157,5
1298,1984,5
1298,2091,5
487,505,5
1878,1785,4
1882,806,4
1605,704,0
1604,1644,0
1604,2009,0
1603,584,0
1604,1846,0
215,540,5
1570,1784,2
484,253,3
486,805,3
486,597,3
489,1981,0
489,1721,0
487,1920,0
1572,850,1
491,1910,1
490,737,1
1578,1734,3
1576,1578,3
1576,129,3
1577,644,3
1578,800,3
494,1738,0
492,1993,5
496,1691,3
1703,516,3
2040,932,3
550,781,5
552,1819,5
1836,770,4
1837,1902,4
498,980,0
1856,569,2
1581,619,2
951,783,5
955,717,5
1582,1433,1
1582,982,4
497,859,3
501,500,3
499,1883,2
501,795,4
502,972,4
498,931,4
502,1812,4
504,2103,0
503,727,0
498,1559,0
504,1131,2
505,1504,2
504,1608,2
504,1922,5
757,1786,5
756,257,5
507,707,0
505,699,0
504,1644,0
504,2009,0
504,612,0
507,1846,0
1586,724,1
507,2079,0
509,2022,0
508,1655,0
506,568,1
508,852,1
510,884,5
1588,1221,1
1587,135,1
1478,1891,0
1479,70,0
1476,889,0
1588,1622,1
510,725,5
514,2005,5
512,954,5
1488,1440,1
1592,854,0
1591,752,0
1592,1727,1
1595,1651,1
522,2028,1
520,672,1
519,598,3
1595,2035,3
1595,1850,3
1600,984,3
520,784,1
522,854,1
521,878,1
68,1647,0
522,547,5
523,1650,5
520,1635,5
521,751,5
522,1841,5
520,727,5
521,847,5
523,1599,5
524,1917,4
524,703,4
1600,1600,5
1598,939,0
1599,614,0
1598,562,0
1600,577,4
1600,1611,4
1602,789,3
1598,1886,3
524,1577,5
525,1666,5
526,1011,5
527,1901,0
525,1936,1
525,816,1
527,623,1
526,21,1
528,2065,5
528,1753,5
222,1783,4
400,1922,4
529,844,5
1605,981,0
535,948,3
760,711,1
763,1705,1
535,988,4
536,808,4
1608,1761,3
1606,1848,3
1605,2034,3
1606,721,3
1608,1606,3
1607,1682,3
1606,1769,3
1606,1120,4
534,589,0
537,1979,0
537,2021,0
535,604,0
1609,783,3
1612,1501,4
1610,2018,4
1611,1974,4
1613,1755,4
540,1835,3
536,1019,3
1611,1722,4
71,1910,1
540,1776,0
1615,959,4
1615,1942,4
1616,1730,3
1617,568,3
1441,1559,4
541,919,4
1622,720,2
1618,1786,2
547,258,4
1503,2015,3
1621,868,3
545,134,1
1862,882,4
1861,1638,4
547,1628,0
547,635,0
548,1778,0
547,904,0
402,1665,1
400,1769,1
229,1771,0
1623,1337,1
555,1680,0
557,2016,0
1626,1847,0
1622,882,0
404,2063,0
1121,1630,5
557,720,4
559,1746,3
1863,678,0
1867,613,0
559,2069,5
559,1539,5
1628,753,0
1627,2051,0
1627,946,0
561,1939,4
1630,1383,1
1629,583,1
863,1966,0
562,687,0
1631,1676,1
563,2026,4
563,2073,4
562,1505,4
563,1785,4
1970,982,0
1970,597,0
1971,107,0
1633,992,3
565,1562,2
566,899,2
1433,723,1
1436,1665,1
566,1013,0
1636,2052,5
569,1702,1
567,851,1
569,569,2
569,700,2
569,899,2
569,1776,5
570,1820,5
572,1058,3
572,2050,3
1640,1785,4
1568,2062,0
1566,1773,0
573,2104,0
573,734,0
1660,258,2
1661,1781,2
1659,651,2
1659,608,2
1660,652,2
1923,1987,4
1922,1516,4
1922,806,4
1925,1840,4
1923,710,4
1924,794,4
1642,646,4
574,2004,5
576,662,1
1126,158,3
577,1819,0
576,1698,0
575,968,1
579,1837,1
1777,1902,2
371,1895,1
372,1572,1
1649,1917,5
1649,622,5
1651,942,0
1645,1305,0
1650,977,0
1649,837,0
1649,1392,0
1649,600,0
1650,840,0
580,1960,2
1650,624,1
580,2081,3
582,1993,3
582,744,3
582,643,3
1653,1552,4
1652,1920,4
1654,1699,4
1655,599,3
1658,1135,4
1659,1880,4
1664,2086,3
1665,819,3
1667,1512,3
1666,1803,3
1662,899,3
1658,642,1
583,584,5
1660,2036,5
2098,1971,4
1660,2057,2
1662,2098,2
1662,996,5
1664,1923,5
1663,1779,5
1663,2100,5
1660,771,5
1663,978,5
1665,615,4
1665,2049,4
1667,2089,5
1666,1577,5
1666,1888,0
1668,1917,0
1839,1517,4
1835,719,4
1840,709,4
1839,1504,4
1835,2003,4
1838,1793,4
1667,1428,3
1669,239,3
1668,1595,3
588,1690,5
590,1819,4
586,1721,0
588,754,0
590,871,5
1671,1794,5
1671,1558,5
593,918,2
1756,2041,0
1497,802,4
594,892,5
1676,1743,4
1679,1744,5
1681,1368,5
1679,480,5
595,433,5
593,906,5
594,991,5
1683,2089,3
1682,1690,3
1683,906,3
1684,826,1
598,853,3
598,592,3
598,236,3
597,846,3
599,1005,3
599,1174,3
598,967,3
597,598,3
601,2045,3
1689,1155,1
601,643,0
606,840,0
601,1263,0
601,2019,0
1736,711,3
177,607,3
18,1016,1
20,626,1
604,1921,1
1689,849,3
605,701,2
604,258,2
603,774,2
607,1781,2
609,651,2
606,783,2
605,739,2
607,1787,4
610,1871,4
609,1784,4
612,953,4
1481,269,3
1485,1707,3
595,1935,3
593,2021,3
592,817,3
591,856,3
591,1931,3
590,1169,3
592,1716,3
613,1808,0
616,892,0
610,696,0
611,1951,0
2043,1818,3
2041,2042,3
2045,110,3
1130,1939,3
1131,2014,3
616,1001,1
615,626,1
618,1723,1
617,1574,1
615,801,1
615,640,1
1132,1941,2
1698,1701,0
1700,941,4
1698,1784,4
1701,742,4
619,694,4
621,793,4
1703,981,0
1705,1155,1
621,551,2
620,277,2
238,1430,2
239,2035,2
2045,1855,0
1711,962,1
1708,992,3
1711,936,3
1713,854,5
1712,1771,5
623,1918,5
623,1533,3
1715,900,3
1717,814,3
970,2010,0
970,584,0
624,672,1
625,2001,1
626,818,1
628,2058,5
627,874,5
628,629,0
631,801,0
1425,731,3
629,1775,5
1721,753,0
1721,912,0
631,1982,4
1787,1572,1
631,2064,4
633,1753,4
1725,1154,1
1727,720,1
632,797,3
632,998,3
632,854,3
633,1934,3
632,902,3
1729,853,5
1730,723,5
2064,1971,0
1572,639,1
1732,726,0
635,860,4
635,2012,4
1325,821,1
638,905,5
635,946,5
1732,969,4
1735,2052,4
1737,720,3
638,1156,1
639,1784,4
639,806,4
643,649,3
642,2080,3
644,1994,3
643,1931,3
644,930,3
644,644,3
644,923,4
1740,724,1
645,685,1
1739,990,5
1741,718,5
1740,938,5
1742,1943,5
1741,750,5
648,755,5
647,1010,5
647,2070,5
646,965,5
1681,1748,4
648,2081,3
648,1991,3
651,691,2
648,257,2
651,652,2
1742,2051,0
653,256,2
653,1782,2
245,1823,4
653,1788,4
1744,1996,0
1748,761,3
247,442,1
248,1942,1
654,2057,0
657,992,4
1748,985,4
1749,1919,2
1752,1020,2
656,998,0
657,734,0
975,692,3
1754,1918,4
657,256,1
1753,586,0
1757,1646,0
1758,2009,0
1758,968,0
1757,1846,0
659,2052,0
662,1189,0
661,2023,0
661,750,0
664,664,4
668,1714,4
1855,958,4
1313,799,1
1763,1003,3
1760,857,3
666,746,4
1766,856,3
670,1367,0
670,274,0
669,770,0
671,649,1
674,1336,1
1878,1745,0
673,1784,4
255,1928,3
254,276,3
1503,1516,4
1504,641,4
1506,2103,4
1505,917,4
1770,854,0
1333,1882,4
682,767,0
1773,2059,0
1776,856,5
1778,944,4
682,800,0
682,1001,0
686,1216,1
1779,955,4
255,1812,4
686,976,0
688,951,0
1784,823,4
1785,1951,4
1784,794,4
1784,1988,4
1784,946,4
1785,1892,4
1786,774,4
1783,1865,4
1784,1834,4
1783,954,4
1785,896,4
1785,1904,4
1785,1022,4
1785,746,4
1788,512,4
1785,2104,4
1784,781,4
1424,1890,0
1423,977,0
1422,951,0
1786,998,4
1785,956,4
690,548,3
691,296,3
1688,927,4
1885,1884,3
690,691,4
1788,1024,5
1788,805,5
1789,761,5
1789,1523,5
1789,757,5
1793,779,1
1793,1517,1
256,881,4
258,2068,4
693,1735,3
694,790,3
697,756,0
697,1819,3
697,724,1
1796,1780,3
700,1345,0
698,1644,0
699,706,0
699,1874,0
701,701,1
700,1703,1
700,735,5
699,2068,5
1798,791,4
1796,1990,4
1799,129,4
1798,794,4
1337,737,1
1800,1801,3
1805,729,3
703,1941,4
702,960,4
253,238,3
253,1817,3
2080,1969,4
1804,862,3
1806,1006,3
1805,109,3
705,1645,0
706,1005,0
707,708,2
1809,882,4
1809,1678,0
1515,1908,0
1514,734,0
2103,1989,3
711,1892,4
716,954,4
1144,1019,0
717,1985,4
719,805,4
717,640,4
715,965,4
719,792,4
1816,1942,5
1603,1696,4
1517,1987,4
1517,600,4
1516,640,4
1518,793,4
1820,1982,5
720,1848,3
723,1006,3
1822,1861,4
1824,1811,4
726,725,3
724,1854,3
725,853,1
722,1217,1
724,1896,1
724,1990,1
725,1933,1
725,829,1
725,950,0
723,1973,0
1824,726,0
725,1780,0
726,1846,0
726,1920,0
726,983,0
1824,890,3
2005,1019,3
1825,1006,3
1827,984,4
1828,1013,4
1826,1023,3
731,2062,2
1829,1832,3
1829,2038,3
1831,809,0
734,1264,0
733,838,0
738,2018,0
730,840,0
1834,956,4
735,1975,2
735,874,4
736,926,4
1265,2019,0
737,2066,5
1838,289,3
741,839,1
480,992,3
745,945,4
1845,1557,5
1847,584,0
1843,990,0
1846,2033,0
1846,964,0
270,1937,4
271,819,4
269,851,4
748,748,5
1974,2087,4
1976,2056,4
1974,868,4
1974,835,4
1975,903,4
1975,783,4
750,1169,4
752,874,4
750,783,4
748,1920,4
1864,1748,0
1643,1645,0
1643,1003,0
1851,971,3
1853,1776,0
752,2054,3
745,904,3
752,956,3
750,908,3
751,947,3
752,981,3
754,782,3
750,1531,3
755,812,4
758,917,0
758,964,5
1593,1432,3
1595,2034,3
1892,1529,2
1888,1960,2
761,1521,5
760,981,5
1858,764,0
1523,806,5
1522,1982,5
764,2109,0
1893,652,1
765,946,4
771,808,3
99,977,4
773,798,4
771,943,4
1312,975,2
1868,993,3
1864,2102,3
1045,1819,2
1041,1879,2
775,837,3
1876,1999,2
775,2020,4
1706,929,3
1705,899,3
1876,2064,1
1876,1752,1
1876,903,1
774,292,5
1876,2009,0
780,812,1
1877,890,4
780,1955,4
784,1904,4
1879,860,4
1878,1307,4
1881,1559,4
782,918,4
782,972,3
1779,2101,0
1779,1557,0
1881,943,4
1706,268,0
1707,1001,0
1706,2091,0
786,1173,5
785,877,5
787,1992,3
790,2050,4
787,802,4
792,844,0
792,1949,0
793,1889,0
792,976,0
792,1326,0
1901,1021,4
1901,966,4
1902,2017,4
1891,584,0
1889,975,0
1889,951,0
1890,133,4
1887,2016,4
795,2103,2
797,871,2
107,1375,3
1953,1950,0
1896,235,3
798,2061,4
2081,928,3
2080,1931,3
2080,1995,3
799,1019,0
1899,1900,3
795,2049,4
1155,1027,4
812,974,3
1161,1183,5
1911,1552,1
1978,863,5
1913,820,1
814,135,1
815,648,1
817,1003,3
820,820,3
821,849,3
820,2062,4
1912,2078,3
1914,1000,3
1580,2090,5
1578,1577,5
1576,980,5
1576,1983,5
1577,1183,5
1577,463,5
1577,891,5
829,2058,4
1917,2109,3
1918,1026,3
1918,936,1
1917,1553,1
831,1942,0
830,1326,0
1924,235,3
831,1979,3
833,874,3
836,866,2
835,918,4
835,838,2
836,978,0
837,909,0
1929,2013,3
1927,1383,3
1929,1995,3
1931,1534,3
840,943,0
843,978,0
846,1304,0
1931,1535,3
1935,650,1
1943,294,5
1944,1025,5
1946,354,0
849,1007,3
1947,2002,4
853,651,1
853,985,0
854,650,1
1950,1981,3
275,2007,5
859,1361,5
857,1361,4
866,1226,1
870,2100,3
870,1942,4
2087,1998,1
1956,882,4
1953,1018,4
1956,1981,3
872,970,5
874,918,2
1955,882,4
1959,2095,4
876,876,3
1217,2005,1
1960,1003,0
1960,1900,0
1221,905,1
1360,2012,4
882,1367,4
882,970,4
882,2053,4
874,893,4
880,2093,4
1514,978,0
1515,951,0
1563,1714,4
885,966,0
885,2055,1
1715,1914,4
1962,1965,5
1963,1978,5
2082,2033,5
2083,1930,5
1966,1003,5
889,2106,3
889,2022,3
1168,2036,4
1972,951,0
889,2054,4
269,1004,0
895,1383,3
894,2016,3
1364,905,0
296,1981,3
603,603,4
904,2052,0
905,947,0
905,2076,0
907,2051,0
907,956,0
906,948,0
1979,2020,0
1731,1729,3
919,969,1
1995,928,3
1993,1735,3
1994,900,3
1998,2101,4
1884,650,1
1999,963,1
926,997,3
2099,970,4
931,129,3
1735,129,4
2013,988,0
2009,2016,0
2010,1002,0
2022,1021,4
2017,1014,0
942,1550,0
2022,2023,0
948,960,0
2026,1189,0
951,2043,5
2033,2035,5
2035,2036,3
2034,985,3
582,2040,0
585,1003,0
1925,2062,4
1184,1028,5
1181,980,5
2040,2078,3
960,961,4
2042,993,0
968,1001,0
971,1007,4
406,2099,4
899,1561,2
2056,993,0
1989,1992,3
650,650,1
981,1718,5
2066,2068,5
2066,1752,5
2080,995,3
998,1001,3
1003,1001,0
1792,1937,4
357,1024,4
1349,1942,4
1422,450,0
247,1817,0
856,1140,0
1901,1886,3
1564,866,3
1986,1104,4
2035,376,3
1723,1147,1
1127,217,0
242,110,0
570,1846,2
964,561,3
2002,850,4
603,1319,3
1834,828,3
1788,1807,5
674,438,0
1243,678,5
285,1845,1
170,725,0
242,856,0
906,1214,0
1836,1265,3
801,1656,4
1286,1803,0
1106,1916,0
2021,262,3
513,2084,0
551,1116,0
43,215,3
1581,1455,2
859,1529,0
2034,1999,3
822,1464,1
1754,1630,0
354,312,4
357,603,1
1732,21,0
1491,1110,4
1169,1586,0
1689,522,0
1608,514,3
1095,1493,4
527,90,1
870,1077,4
901,1263,2
620,816,5
1658,351,0
325,1508,1
624,267,3
995,1927,0
857,417,0
354,1774,4
999,954,3
1548,614,5
34,528,1
568,764,2
489,77,1
253,950,5
777,86,4
264,605,0
1392,1215,0
290,1917,1
2084,606,0
1446,1865,0
374,1341,0
689,610,3
1073,277,4
1342,1858,3
1418,191,4
995,1359,5
668,413,5
1459,1620,0
377,974,4
37,1730,0
694,1841,0
898,1901,5
1738,1846,0
1710,422,3
1500,401,5
